,age,education_num,capital_gain,capital_loss,hours_per_week
count,32537.0,32537.0,32537.0,32537.0,32537.0
mean,38.585548759873376,10.081814549589698,1078.4437409718166,87.36822694163568,40.44032947106371
std,13.637983518469866,2.5716330100707423,7387.957424191213,403.10183306309347,12.346889182125157
min,17.0,1.0,0.0,0.0,1.0
25%,28.0,9.0,0.0,0.0,40.0
50%,37.0,10.0,0.0,0.0,40.0
75%,48.0,12.0,0.0,0.0,45.0
max,90.0,16.0,99999.0,4356.0,99.0
